{
  "project_info": {
    "project_number": "689739077102",
    "project_id": "orphanage-app-30e83",
    "storage_bucket": "orphanage-app-30e83.firebasestorage.app"
  },
  "client": [
    {
      "client_info": {
        "mobilesdk_app_id": "1:689739077102:android:d3899e977299bf3298eaff",
        "android_client_info": {
          "package_name": "com.SIMATS.hope"
        }
      },
      "oauth_client": [],
      "api_key": [
        {
          "current_key": "AIzaSyCe4UCuGNPlrheUzfwVnBB7Z-KSLOqoRus"
        }
      ],
      "services": {
        "appinvite_service": {
          "other_platform_oauth_client": []
        }
      }
    }
  ],
  "configuration_version": "1"
}